1;;2;;3;;4;;5;;6;;7;;
Wavelength (nm);Abs;Wavelength (nm);Abs;Wavelength (nm);Abs;Wavelength (nm);Abs;Wavelength (nm);Abs;Wavelength (nm);Abs;Wavelength (nm);Abs;
600,0063477;0,02105480433;600,0063477;0,02550891414;600,0063477;0,005977270659;600,0063477;8,209216321E-5;600,0063477;0,0001809547248;600,0063477;0,004042418208;600,0063477;0,01252110116;
598,968811;0,02137144282;598,968811;0,02577486821;598,968811;0,006273280364;598,968811;0,0004371232935;598,968811;0,0001848133543;598,968811;0,004442282952;598,968811;0,01307669934;
597,9310303;0,0212226212;597,9310303;0,02539302781;597,9310303;0,00615595514;597,9310303;0,0001909768907;597,9310303;0,0002541451249;597,9310303;0,004421675578;597,9310303;0,01282294001;
597,0411987;0,02150296234;597,0411987;0,02550150268;597,0411987;0,006182368845;597,0411987;0,0003689540608;597,0411987;0,0004030243726;597,0411987;0,004294548649;597,0411987;0,01292213239;
596,0028687;0,02113649063;596,0028687;0,02523253299;596,0028687;0,00588673586;596,0028687;0,0003336170339;596,0028687;0,0001399362081;596,0028687;0,004587058909;596,0028687;0,01294746716;
594,9642334;0,02137277648;594,9642334;0,02567382157;594,9642334;0,006488450803;594,9642334;0,0006300812238;594,9642334;0,0004377710866;594,9642334;0,004720997065;594,9642334;0,01325977128;
594,0737915;0,02134194225;594,0737915;0,02556599118;594,0737915;0,006206394639;594,0737915;0,0004565059207;594,0737915;0,0002298764593;594,0737915;0,004796422087;594,0737915;0,01365325786;
593,034668;0,02107360587;593,034668;0,02558888867;593,034668;0,006243736017;593,034668;0,0001476268808;593,034668;0,0003021943558;593,034668;0,004561212845;593,034668;0,01340220403;
591,9952393;0,02129612863;591,9952393;0,02560231648;591,9952393;0,006743977312;591,9952393;0,0004931227886;591,9952393;0,0008062156267;591,9952393;0,005185769871;591,9952393;0,01365515403;
590,9555054;0,02156631649;590,9555054;0,02582722716;590,9555054;0,007012229413;590,9555054;0,0009811761556;590,9555054;0,001214194461;590,9555054;0,005673909094;590,9555054;0,01389397867;
590,0640869;0,02178683132;590,0640869;0,02605632134;590,0640869;0,007067872677;590,0640869;0,001321312273;590,0640869;0,001338683069;590,0640869;0,005700005218;590,0640869;0,01424713898;
589,0238647;0,02193347923;589,0238647;0,02605335414;589,0238647;0,007045956329;589,0238647;0,001408017473;589,0238647;0,001392799313;589,0238647;0,005920874421;589,0238647;0,01442173962;
587,9833984;0,02205138654;587,9833984;0,02602803893;587,9833984;0,0072937035;587,9833984;0,001150704804;587,9833984;0,001420665067;587,9833984;0,005971706938;587,9833984;0,01421135012;
586,942627;0,02187154256;586,942627;0,02637885883;586,942627;0,006850969046;586,942627;0,001229017042;586,942627;0,001513312804;586,942627;0,006024329923;586,942627;0,014462444;
586,050293;0,02188014425;586,050293;0,02637024969;586,050293;0,007180155255;586,050293;0,001042383607;586,050293;0,001337332884;586,050293;0,006347084884;586,050293;0,01447957195;
585,0090332;0,02242348529;585,0090332;0,02658532187;585,0090332;0,007869219407;585,0090332;0,001858389471;585,0090332;0,001897412702;585,0090332;0,006477257702;585,0090332;0,01510331687;
583,9674683;0,02178209648;583,9674683;0,02646138892;583,9674683;0,007518967148;583,9674683;0,001745369285;583,9674683;0,001906200545;583,9674683;0,006375138648;583,9674683;0,01500257943;
582,9255981;0,02200770564;582,9255981;0,02689461969;582,9255981;0,00745249493;582,9255981;0,001708230935;582,9255981;0,002029613359;582,9255981;0,007086237893;582,9255981;0,01538091339;
582,0324097;0,02204092965;582,0324097;0,02653284371;582,0324097;0,007287254091;582,0324097;0,001916990615;582,0324097;0,002276596148;582,0324097;0,007046166807;582,0324097;0,01564577967;
580,9900513;0,02226580121;580,9900513;0,02679372579;580,9900513;0,00787823461;580,9900513;0,001950038481;580,9900513;0,002193801804;580,9900513;0,007455233485;580,9900513;0,01586527005;
579,9473877;0,02223664708;579,9473877;0,02675251104;579,9473877;0,00802932959;579,9473877;0,002149497159;579,9473877;0,002725004684;579,9473877;0,00728646433;579,9473877;0,01639430411;
579,0535278;0,02226228639;579,0535278;0,02725826763;579,0535278;0,008111555129;579,0535278;0,002234286396;579,0535278;0,002571708057;579,0535278;0,007648753934;579,0535278;0,01634446718;
578,010376;0,02248923481;578,010376;0,02725631185;578,010376;0,008344632573;578,010376;0,002563739894;578,010376;0,003174919868;578,010376;0,008106333204;578,010376;0,01684165932;
576,96698;0,02238797024;576,96698;0,0271315258;576,96698;0,008153729141;576,96698;0,002354851458;576,96698;0,003136016428;576,96698;0,008206960745;576,96698;0,01677218452;
576,0723877;0,02237649448;576,0723877;0,02709939703;576,0723877;0,008484327234;576,0723877;0,002589102834;576,0723877;0,003494728124;576,0723877;0,008238802664;576,0723877;0,0171440132;
575,0285034;0,02263941802;575,0285034;0,02736618929;575,0285034;0,00849813316;575,0285034;0,002938736463;575,0285034;0,003495745827;575,0285034;0,008645033464;575,0285034;0,01739451848;
573,984314;0,02250283957;573,984314;0,02758842893;573,984314;0,008774206042;573,984314;0,003020369448;573,984314;0,003784297733;573,984314;0,009051645175;573,984314;0,01773292944;
572,9398804;0,02281849086;572,9398804;0,0276196003;572,9398804;0,008856072091;572,9398804;0,003105954733;572,9398804;0,003806389635;572,9398804;0,009155558422;572,9398804;0,01829767041;
572,0443726;0,02300249599;572,0443726;0,02766989172;572,0443726;0,009128830396;572,0443726;0,003391612554;572,0443726;0,004409018904;572,0443726;0,009566088207;572,0443726;0,01847604103;
570,9994507;0,02289254218;570,9994507;0,02756081894;570,9994507;0,009202962741;570,9994507;0,003395734588;570,9994507;0,00433737319;570,9994507;0,009848561138;570,9994507;0,01848619618;
569,9542236;0,0229838267;569,9542236;0,0279365927;569,9542236;0,009171262383;569,9542236;0,003722258843;569,9542236;0,004753709305;569,9542236;0,01017446257;569,9542236;0,01914924383;
569,0581055;0,022802094;569,0581055;0,02799550816;569,0581055;0,009622138925;569,0581055;0,003794821212;569,0581055;0,004908327945;569,0581055;0,01040777471;569,0581055;0,01934328303;
568,0123901;0,02297795936;568,0123901;0,0283169467;568,0123901;0,009674306959;568,0123901;0,004083519801;568,0123901;0,00514862407;568,0123901;0,01079847291;568,0123901;0,01973053999;
566,9663696;0,02312121354;566,9663696;0,02846460044;566,9663696;0,01006458327;566,9663696;0,004308169708;566,9663696;0,005607745145;566,9663696;0,01112957671;566,9663696;0,02021437697;
566,0695801;0,02307267301;566,0695801;0,02853677236;566,0695801;0,01015957072;566,0695801;0,004539475311;566,0695801;0,005814033095;566,0695801;0,01163864508;566,0695801;0,02062512934;
565,0231323;0,02307474799;565,0231323;0,02857271023;565,0231323;0,01005170774;565,0231323;0,004751040135;565,0231323;0,005924758036;565,0231323;0,01174988132;565,0231323;0,02112156898;
563,9763794;0,02319883741;563,9763794;0,02874572761;563,9763794;0,01057447307;563,9763794;0,00506708771;563,9763794;0,006485534366;563,9763794;0,01228034031;563,9763794;0,02130091377;
562,9293213;0,02342731506;562,9293213;0,02915170603;562,9293213;0,01091113966;562,9293213;0,005517837591;562,9293213;0,006873743143;562,9293213;0,0125913918;562,9293213;0,02199749276;
562,0316772;0,02348709665;562,0316772;0,02902587689;562,0316772;0,01088478137;562,0316772;0,005626363214;562,0316772;0,006942652166;562,0316772;0,01306437515;562,0316772;0,02246993408;
560,9841919;0,02383696288;560,9841919;0,02939455584;560,9841919;0,01122025494;560,9841919;0,006085386034;560,9841919;0,007515226956;560,9841919;0,013639207;560,9841919;0,0230693426;
559,9364014;0,02379392274;559,9364014;0,02920619026;559,9364014;0,01145641506;559,9364014;0,006045669783;559,9364014;0,008038452826;559,9364014;0,01396267395;559,9364014;0,0234358944;
559,0380859;0,02387426607;559,0380859;0,02977397107;559,0380859;0,01172988117;559,0380859;0,006554381456;559,0380859;0,008180080913;559,0380859;0,01443790365;559,0380859;0,02406648919;
557,9898071;0,02378839999;557,9898071;0,029803304;557,9898071;0,01176998857;557,9898071;0,006643373054;557,9898071;0,008419132791;557,9898071;0,01495678816;557,9898071;0,02451867238;
556,9412842;0,02399316803;556,9412842;0,03008826822;556,9412842;0,01219426002;556,9412842;0,007175101899;556,9412842;0,009085980244;556,9412842;0,01538517792;556,9412842;0,02502967604;
556,0423584;0,02430932969;556,0423584;0,03024482355;556,0423584;0,01253695413;556,0423584;0,007287622895;556,0423584;0,009273246862;556,0423584;0,01602319814;556,0423584;0,02554339543;
554,9933472;0,02420506626;554,9933472;0,0305897072;554,9933472;0,01262779348;554,9933472;0,00770737743;554,9933472;0,009935317561;554,9933472;0,01635032706;554,9933472;0,02627428994;
553,9440308;0,02428627945;553,9440308;0,0306659285;553,9440308;0,01288570557;553,9440308;0,007996737957;553,9440308;0,01020279154;553,9440308;0,01687266119;553,9440308;0,02676142938;
553,0444336;0,02421138808;553,0444336;0,03060806729;553,0444336;0,01308745053;553,0444336;0,008158767596;553,0444336;0,01060407422;553,0444336;0,01738848165;553,0444336;0,02703691274;
551,9946899;0,02446529269;551,9946899;0,03109016642;551,9946899;0,01340348553;551,9946899;0,008701758459;551,9946899;0,01109173335;551,9946899;0,01787365414;551,9946899;0,02788160555;
550,9446411;0,02455414273;550,9446411;0,03127058968;550,9446411;0,01398007665;550,9446411;0,009282450192;550,9446411;0,0117035266;550,9446411;0,01879707724;550,9446411;0,02858990803;
550,0444336;0,02477656491;550,0444336;0,03171315789;550,0444336;0,01421097573;550,0444336;0,00958048366;550,0444336;0,01202209573;550,0444336;0,01925914735;550,0444336;0,02926632948;
548,9939575;0,02500661463;548,9939575;0,03204360232;548,9939575;0,01461750641;548,9939575;0,01012928318;548,9939575;0,01273573842;548,9939575;0,02022820711;548,9939575;0,03018923663;
547,9431763;0,02504687011;547,9431763;0,0321540311;547,9431763;0,0149624683;547,9431763;0,01061121002;547,9431763;0,01334673073;547,9431763;0,0206829533;547,9431763;0,03096533194;
547,0422974;0,02531865984;547,0422974;0,03226130828;547,0422974;0,01539566461;547,0422974;0,01098000165;547,0422974;0,01386626344;547,0422974;0,02139113098;547,0422974;0,0317103155;
545,9910278;0,02545475587;545,9910278;0,03256558254;545,9910278;0,01564154029;545,9910278;0,01128964406;545,9910278;0,01429411396;545,9910278;0,02203422971;545,9910278;0,03234733269;
544,9395752;0,02539728209;544,9395752;0,03288975358;544,9395752;0,01600603573;544,9395752;0,01184148714;544,9395752;0,0149647994;544,9395752;0,02290855907;544,9395752;0,03324970976;
544,0380249;0,02562354133;544,0380249;0,03313919902;544,0380249;0,01633097604;544,0380249;0,0122122569;544,0380249;0,01543275826;544,0380249;0,02352278493;544,0380249;0,03393757716;
542,986084;0,02574012242;542,986084;0,03352145478;542,986084;0,01685336605;542,986084;0,01277764421;542,986084;0,01624043286;542,986084;0,02443985268;542,986084;0,03499079868;
541,9338379;0,02595949732;541,9338379;0,03366504237;541,9338379;0,01721680537;541,9338379;0,01322448999;541,9338379;0,01684149913;541,9338379;0,02521215007;541,9338379;0,03577741235;
541,0317383;0,02618354931;541,0317383;0,03386251628;541,0317383;0,01759435236;541,0317383;0,01378430333;541,0317383;0,01741184294;541,0317383;0,02593663521;541,0317383;0,03649204969;
539,9790039;0,02629398182;539,9790039;0,03410879895;539,9790039;0,01797025651;539,9790039;0,01426548976;539,9790039;0,01803787425;539,9790039;0,02677475475;539,9790039;0,03734575957;
538,9260254;0,02640680782;538,9260254;0,03460206464;538,9260254;0,01843463443;538,9260254;0,01483216509;538,9260254;0,01894125715;538,9260254;0,02774380893;538,9260254;0,03858127072;
538,0233154;0,02670535259;538,0233154;0,03513647243;538,0233154;0,01904818602;538,0233154;0,01564663835;538,0233154;0,01978445053;538,0233154;0,0288851168;538,0233154;0,03975687549;
536,9698486;0,02695179544;536,9698486;0,035319902;536,9698486;0,01961155236;536,9698486;0,0162033774;536,9698486;0,02050383575;536,9698486;0,02961658873;536,9698486;0,0407592617;
536,0667114;0,02701966837;536,0667114;0,0356621556;536,0667114;0,02016876452;536,0667114;0,0167448502;536,0667114;0,02132940665;536,0667114;0,0304922834;536,0667114;0,04165423289;
535,0128174;0,02716762386;535,0128174;0,03614911437;535,0128174;0,02063932642;535,0128174;0,01741238125;535,0128174;0,02214273997;535,0128174;0,03176687658;535,0128174;0,04307550192;
533,9586182;0,02739061601;533,9586182;0,03646823019;533,9586182;0,02107760124;533,9586182;0,01803746819;533,9586182;0,02300274;533,9586182;0,03260149062;533,9586182;0,04402948916;
533,0548706;0,02765836008;533,0548706;0,03666861728;533,0548706;0,02152148634;533,0548706;0,01846639812;533,0548706;0,02351611666;533,0548706;0,03340329975;533,0548706;0,04466396198;
532,0002441;0,02785739861;532,0002441;0,03717647493;532,0002441;0,02222054452;532,0002441;0,01931686886;532,0002441;0,02460224554;532,0002441;0,03476535529;532,0002441;0,04631927609;
530,9453735;0,02798540331;530,9453735;0,03760506213;530,9453735;0,02293369174;530,9453735;0,02023490705;530,9453735;0,02579110302;530,9453735;0,03619556502;530,9453735;0,04777013138;
530,0409546;0,02818249352;530,0409546;0,03812845796;530,0409546;0,02353800647;530,0409546;0,02115043253;530,0409546;0,02681985497;530,0409546;0,03736403957;530,0409546;0,0492359139;
528,9856567;0,02844276465;528,9856567;0,03813408315;528,9856567;0,02393678948;528,9856567;0,02162584104;528,9856567;0,02751128562;528,9856567;0,03823611885;528,9856567;0,05019398779;
527,9300537;0,02865952812;527,9300537;0,03848811984;527,9300537;0,02454162389;527,9300537;0,02240116149;527,9300537;0,0284308251;527,9300537;0,03934273496;527,9300537;0,05137538537;
527,0250244;0,02899219655;527,0250244;0,03929078951;527,0250244;0,02536015026;527,0250244;0,02334202826;527,0250244;0,02955000103;527,0250244;0,04078599066;527,0250244;0,0529037565;
525,9689941;0,02921391465;525,9689941;0,03959566355;525,9689941;0,02592531405;525,9689941;0,02408000454;525,9689941;0,03055823967;525,9689941;0,04213971645;525,9689941;0,05436191335;
525,0635986;0,02950683236;525,0635986;0,04010448605;525,0635986;0,02673246898;525,0635986;0,02504549921;525,0635986;0,03181419894;525,0635986;0,04340807348;525,0635986;0,05599489436;
524,0070801;0,02976864949;524,0070801;0,04078644514;524,0070801;0,02749807574;524,0070801;0,02612740733;524,0070801;0,03314445168;524,0070801;0,04497461021;524,0070801;0,05769141763;
522,9503174;0,03015838005;522,9503174;0,04135987163;522,9503174;0,02839210816;522,9503174;0,02706749365;522,9503174;0,03445724025;522,9503174;0,04664831609;522,9503174;0,05970203876;
522,0443115;0,03029361553;522,0443115;0,04179016128;522,0443115;0,02890763618;522,0443115;0,02783369087;522,0443115;0,03532742709;522,0443115;0,04782691598;522,0443115;0,06076546386;
520,9871216;0,03054551966;520,9871216;0,04216387868;520,9871216;0,02967551164;520,9871216;0,02893195674;520,9871216;0,03655323386;520,9871216;0,04942148551;520,9871216;0,06267785281;
519,9296265;0,03067592904;519,9296265;0,04281316698;519,9296265;0,03043960966;519,9296265;0,0298985485;519,9296265;0,0380134508;519,9296265;0,05116282776;519,9296265;0,06461047381;
519,0230713;0,03111889213;519,0230713;0,04339322448;519,0230713;0,03131844103;519,0230713;0,03116138652;519,0230713;0,03932661191;519,0230713;0,05258382112;519,0230713;0,06613114476;
517,9651489;0,03148027882;517,9651489;0,04400917888;517,9651489;0,03224062175;517,9651489;0,03221714497;517,9651489;0,04077785835;517,9651489;0,05437358841;517,9651489;0,06807150692;
517,0581665;0,03182592615;517,0581665;0,04455670342;517,0581665;0,0331958048;517,0581665;0,03314070776;517,0581665;0,04214277118;517,0581665;0,05611479655;517,0581665;0,06989897043;
515,9997559;0,03215500712;515,9997559;0,04529875889;515,9997559;0,03401749581;515,9997559;0,0344953835;515,9997559;0,04359531775;515,9997559;0,0577230826;515,9997559;0,07197144628;
514,9411621;0,03219297528;514,9411621;0,04568134621;514,9411621;0,03482189775;514,9411621;0,03534194455;514,9411621;0,04501874;514,9411621;0,05947554111;514,9411621;0,07388480008;
514,0335693;0,03274469078;514,0335693;0,04653808847;514,0335693;0,03592292964;514,0335693;0,03680000454;514,0335693;0,04666849226;514,0335693;0,06173525751;514,0335693;0,07642777264;
512,9744873;0,03289120272;512,9744873;0,04711235687;512,9744873;0,03668881208;512,9744873;0,0380725041;512,9744873;0,04819400981;512,9744873;0,06339044124;512,9744873;0,07822354883;
512,0665283;0,03326388076;512,0665283;0,04767993093;512,0665283;0,03775579482;512,0665283;0,03917077184;512,0665283;0,04976484552;512,0665283;0,06533936411;512,0665283;0,08026500046;
511,007019;0,03361544758;511,007019;0,0484460406;511,007019;0,03875857964;511,007019;0,04061865434;511,007019;0,05140070617;511,007019;0,06732968241;511,007019;0,08286204934;
509,9472656;0,03418258578;509,9472656;0,04919547215;509,9472656;0,04003890976;509,9472656;0,04189807549;509,9472656;0,0532498844;509,9472656;0,06970544904;509,9472656;0,08509003371;
509,0387268;0,03458109498;509,0387268;0,04985496029;509,0387268;0,04087699205;509,0387268;0,04336893931;509,0387268;0,05461693183;509,0387268;0,07149384916;509,0387268;0,08705502003;
507,9785156;0,0349175185;507,9785156;0,05044799671;507,9785156;0,04220096394;507,9785156;0,04474622384;507,9785156;0,05656057969;507,9785156;0,074010171;507,9785156;0,0899156481;
507,0695801;0,03538822383;507,0695801;0,05161935836;507,0695801;0,04366180673;507,0695801;0,04633681476;507,0695801;0,05876068398;507,0695801;0,07624073327;507,0695801;0,09259124845;
506,0089111;0,03552310541;506,0089111;0,05220803618;506,0089111;0,04438515753;506,0089111;0,04761652276;506,0089111;0,0603325665;506,0089111;0,07845079899;506,0089111;0,09503789991;
504,9480286;0,03618377447;504,9480286;0,05307618529;504,9480286;0,0456411466;504,9480286;0,04932893813;504,9480286;0,06242956221;504,9480286;0,08085785806;504,9480286;0,09775175899;
504,0385132;0,03657193109;504,0385132;0,05382076278;504,0385132;0,04669648036;504,0385132;0,05069511384;504,0385132;0,06406825781;504,0385132;0,08288554102;504,0385132;0,1000194997;
502,9771729;0,03704088554;502,9771729;0,0549441278;502,9771729;0,04800673947;502,9771729;0,05260757357;502,9771729;0,06637341529;502,9771729;0,08578075469;502,9771729;0,1030553132;
502,0672913;0,03743113205;502,0672913;0,0553971827;502,0672913;0,0492718406;502,0672913;0,05393241718;502,0672913;0,0681251958;502,0672913;0,0880426988;502,0672913;0,1057513133;
501,0054932;0,03798220307;501,0054932;0,05650924891;501,0054932;0,05056431144;501,0054932;0,05572467297;501,0054932;0,07049445808;501,0054932;0,09082817286;501,0054932;0,108843796;
499,943512;0,03848144412;499,943512;0,05769325048;499,943512;0,05231314152;499,943512;0,05784142017;499,943512;0,07295525074;499,943512;0,09386952966;499,943512;0,1122060865;
499,03302;0,03876585141;499,03302;0,05840685219;499,03302;0,05319683254;499,03302;0,05922951922;499,03302;0,0749232173;499,03302;0,09591137618;499,03302;0,1147434786;
497,9705811;0,0393005684;497,9705811;0,05921726674;497,9705811;0,05470057204;497,9705811;0,06085842848;497,9705811;0,07708761841;497,9705811;0,09860537946;497,9705811;0,117848672;
497,0597229;0,03982839361;497,0597229;0,06016469374;497,0597229;0,05593732744;497,0597229;0,06273210049;497,0597229;0,07931037247;497,0597229;0,101324372;497,0597229;0,1209710985;
495,9968567;0,04030710086;495,9968567;0,06119814143;495,9968567;0,05774519965;495,9968567;0,06495794654;495,9968567;0,08203081042;495,9968567;0,1045352295;495,9968567;0,1245973483;
494,9337158;0,04092528671;494,9337158;0,06250198931;494,9337158;0,05948070437;494,9337158;0,06722366065;494,9337158;0,08487904817;494,9337158;0,1080390811;494,9337158;0,128446117;
494,0223083;0,04143538699;494,0223083;0,06350074708;494,0223083;0,06086527556;494,0223083;0,06895332783;494,0223083;0,08714423329;494,0223083;0,1109059155;494,0223083;0,1315193325;
492,9587708;0,04191281646;492,9587708;0,06470002979;492,9587708;0,06252913177;492,9587708;0,07112818211;492,9587708;0,08984315395;492,9587708;0,1142431498;492,9587708;0,1353728026;
492,0469666;0,04237747192;492,0469666;0,06534077972;492,0469666;0,06382700056;492,0469666;0,07278882712;492,0469666;0,09188780189;492,0469666;0,1166842654;492,0469666;0,137892738;
490,9829712;0,04319614545;490,9829712;0,06658546627;490,9829712;0,06540962309;490,9829712;0,07497009635;490,9829712;0,09469014406;490,9829712;0,1200942546;490,9829712;0,1420841515;
490,0708008;0,04377792031;490,0708008;0,06785824895;490,0708008;0,06750167906;490,0708008;0,07741574198;490,0708008;0,09756771475;490,0708008;0,123837769;490,0708008;0,1460931599;
489,0064087;0,04439438879;489,0064087;0,06924924999;489,0064087;0,06940426677;489,0064087;0,0798266083;489,0064087;0,1009449661;489,0064087;0,1275109202;489,0064087;0,1504913568;
487,9417725;0,0448869653;487,9417725;0,0701309368;487,9417725;0,07096803188;487,9417725;0,08186218888;487,9417725;0,1034597605;487,9417725;0,1304503828;487,9417725;0,1538015753;
487,0290222;0,04548710585;487,0290222;0,07095367461;487,0290222;0,07230140269;487,0290222;0,08352437615;487,0290222;0,105463475;487,0290222;0,1331264377;487,0290222;0,1567674279;
485,9639587;0,04613306746;485,9639587;0,07258248329;485,9639587;0,07444592565;485,9639587;0,08640096337;485,9639587;0,1091405004;485,9639587;0,1375196576;485,9639587;0,1618708819;
485,0508728;0,04680020362;485,0508728;0,0741250813;485,0508728;0,07653838396;485,0508728;0,08916696161;485,0508728;0,1124396622;485,0508728;0,141658172;485,0508728;0,1665225476;
483,9853821;0,04757998139;483,9853821;0,07490497828;483,9853821;0,07815174013;483,9853821;0,09122691303;483,9853821;0,1151918694;483,9853821;0,1448038667;483,9853821;0,1699334681;
483,0719299;0,04818732664;483,0719299;0,07606893778;483,0719299;0,07976296544;483,0719299;0,09333726764;483,0719299;0,1178432703;483,0719299;0,1480758786;483,0719299;0,1735476851;
482,006012;0,04869088903;482,006012;0,0773710385;482,006012;0,08150555193;482,006012;0,09568793327;482,006012;0,1209510565;482,006012;0,1516636759;482,006012;0,1777315289;
480,9398499;0,04960806295;480,9398499;0,07881185412;480,9398499;0,08366455138;480,9398499;0,09857221693;480,9398499;0,1244315952;480,9398499;0,1558606923;480,9398499;0,182652846;
480,0258484;0,05022583529;480,0258484;0,08053803444;480,0258484;0,08611433953;480,0258484;0,1016410068;480,0258484;0,1280899644;480,0258484;0,1606498063;480,0258484;0,1880505234;
478,9592896;0,05097354576;478,9592896;0,08198954165;478,9592896;0,08823930472;478,9592896;0,104502365;478,9592896;0,1317225248;478,9592896;0,1649796516;478,9592896;0,1927877218;
478,0449219;0,05176304653;478,0449219;0,08349554241;478,0449219;0,09018073976;478,0449219;0,1070433035;478,0449219;0,1350013614;478,0449219;0,1686540395;478,0449219;0,1971984357;
476,9779358;0,05235384777;476,9779358;0,08463063836;476,9779358;0,09224554896;476,9779358;0,10970366;476,9779358;0,1383087039;476,9779358;0,1726053506;476,9779358;0,2016963363;
476,0632019;0,05287823081;476,0632019;0,0858547166;476,0632019;0,09385477751;476,0632019;0,1116451994;476,0632019;0,1408182383;476,0632019;0,1758321077;476,0632019;0,205415085;
474,9957886;0,05386372283;474,9957886;0,08765545487;474,9957886;0,09650579095;474,9957886;0,1151929498;474,9957886;0,145385772;474,9957886;0,1812166572;474,9957886;0,2113073319;
473,9281616;0,05475885794;473,9281616;0,08949606866;473,9281616;0,09916286916;473,9281616;0,1186547801;473,9281616;0,149595499;473,9281616;0,1863030195;473,9281616;0,2174052149;
473,0128784;0,05552533269;473,0128784;0,09079243243;473,0128784;0,101361379;473,0128784;0,1211577728;473,0128784;0,1529844254;473,0128784;0,1905639321;473,0128784;0,2219000757;
471,9448547;0,05644291639;471,9448547;0,09251401573;471,9448547;0,1037472561;471,9448547;0,1245064139;471,9448547;0,1568943858;471,9448547;0,1951195151;471,9448547;0,2272408009;
471,0292053;0,05702603981;471,0292053;0,09355577826;471,0292053;0,105341427;471,0292053;0,1268182546;471,0292053;0,1595514864;471,0292053;0,1981528401;471,0292053;0,2308190614;
469,9607544;0,05775066838;469,9607544;0,09536822885;469,9607544;0,1078862622;469,9607544;0,129941836;469,9607544;0,1638093442;469,9607544;0,2036922276;469,9607544;0,23703973;
469,0447693;0,05867098644;469,0447693;0,09720847756;469,0447693;0,1104154289;469,0447693;0,1332995147;469,0447693;0,1679310203;469,0447693;0,2087121159;469,0447693;0,2425243109;
467,9758911;0,05963331461;467,9758911;0,09891717881;467,9758911;0,1130618602;467,9758911;0,1367163211;467,9758911;0,1720009446;467,9758911;0,2137390077;467,9758911;0,2485740483;
467,0595398;0,06029946357;467,0595398;0,1002995074;467,0595398;0,1150937006;467,0595398;0,1394468695;467,0595398;0,1754560024;467,0595398;0,2179526091;467,0595398;0,2534118593;
465,9902954;0,06115707383;465,9902954;0,1021040902;465,9902954;0,1175784692;465,9902954;0,142715767;465,9902954;0,1796610951;465,9902954;0,2229470313;465,9902954;0,2588195503;
465,0735779;0,0618724525;465,0735779;0,1035015509;465,0735779;0,1196488962;465,0735779;0,1454722732;465,0735779;0,1830141544;465,0735779;0,2266482711;465,0735779;0,26345855;
464,0039063;0,06286599487;464,0039063;0,1054283977;464,0039063;0,1226078123;464,0039063;0,1491838843;464,0039063;0,1878963262;464,0039063;0,2324659824;464,0039063;0,2701476812;
462,934021;0,06386984885;462,934021;0,1073878333;462,934021;0,1255308539;462,934021;0,152768597;462,934021;0,192142427;462,934021;0,2383142412;462,934021;0,2765634358;
462,0167847;0,06466499716;462,0167847;0,1090449244;462,0167847;0,1279794574;462,0167847;0,1562501639;462,0167847;0,1966866404;462,0167847;0,2431307286;462,0167847;0,2819768488;
460,9464722;0,06559699774;460,9464722;0,1110423133;460,9464722;0,1310315877;460,9464722;0,1600362808;460,9464722;0,201267913;460,9464722;0,2489153445;460,9464722;0,2882766426;
460,0289001;0,06638304144;460,0289001;0,1122528464;460,0289001;0,132595107;460,0289001;0,1622556895;460,0289001;0,2040778995;460,0289001;0,2524960339;460,0289001;0,2922442555;
458,9581909;0,06736768037;458,9581909;0,1139852777;458,9581909;0,1353257447;458,9581909;0,1658083647;458,9581909;0,2087447643;458,9581909;0,2576989532;458,9581909;0,2986344099;
458,0402832;0,06814657897;458,0402832;0,1157057956;458,0402832;0,138109073;458,0402832;0,1692589521;458,0402832;0,2129052281;458,0402832;0,2630379796;458,0402832;0,304584235;
456,9691467;0,06920974702;456,9691467;0,1180716157;456,9691467;0,1409043223;456,9691467;0,1729671955;456,9691467;0,2178324759;456,9691467;0,2688436508;456,9691467;0,3111709058;
456,0509033;0,07014411688;456,0509033;0,1196495444;456,0509033;0,1436780989;456,0509033;0,1763394773;456,0509033;0,221920535;456,0509033;0,2738457322;456,0509033;0,3170696199;
454,9794006;0,07103165239;454,9794006;0,1214121729;454,9794006;0,1464986652;454,9794006;0,1798880249;454,9794006;0,2263276279;454,9794006;0,2793734074;454,9794006;0,3234162629;
454,060791;0,07178789377;454,060791;0,1229920313;454,060791;0,1485195756;454,060791;0,1831429154;454,060791;0,2300911099;454,060791;0,2837985456;454,060791;0,3285878599;
452,9888611;0,07268149406;452,9888611;0,1249302775;452,9888611;0,1514902115;452,9888611;0,1866485327;452,9888611;0,2349403948;452,9888611;0,2894130349;452,9888611;0,3350136876;
452,0699158;0,07369344682;452,0699158;0,1267190874;452,0699158;0,1542597264;452,0699158;0,1901914179;452,0699158;0,2392888814;452,0699158;0,2947125733;452,0699158;0,341090709;
450,9976196;0,07464434206;450,9976196;0,1289598495;450,9976196;0,1570460945;450,9976196;0,1939401031;450,9976196;0,2440006882;450,9976196;0,3005920649;450,9976196;0,3477958739;
449,9251099;0,07584124058;449,9251099;0,1310350448;449,9251099;0,1601736397;449,9251099;0,1981873214;449,9251099;0,2493063807;449,9251099;0,306527406;449,9251099;0,355137229;
449,0056458;0,07652365416;449,0056458;0,1325232834;449,0056458;0,1622689366;449,0056458;0,2008984536;449,0056458;0,2524892688;449,0056458;0,3108564913;449,0056458;0,3597796857;
447,9327393;0,07744089514;447,9327393;0,1344000399;447,9327393;0,1650478542;447,9327393;0,2046737224;447,9327393;0,2571235895;447,9327393;0,3162444532;447,9327393;0,3661171794;
447,0129395;0,07844217867;447,0129395;0,1360923946;447,0129395;0,167686075;447,0129395;0,2081415951;447,0129395;0,2612671256;447,0129395;0,321257621;447,0129395;0,3719450533;
445,9396362;0,07938924432;445,9396362;0,1380733848;445,9396362;0,1706096679;445,9396362;0,211744979;445,9396362;0,2660988867;445,9396362;0,3268724084;445,9396362;0,3783326149;
445,0194702;0,08038279414;445,0194702;0,1397686452;445,0194702;0,1731132865;445,0194702;0,2152734548;445,0194702;0,2704945803;445,0194702;0,332197845;445,0194702;0,384542942;
443,9458008;0,0812163651;443,9458008;0,1417998821;443,9458008;0,1758981496;443,9458008;0,2186562419;443,9458008;0,2747622728;443,9458008;0,3376662433;443,9458008;0,391035527;
443,0253296;0,08194830269;443,0253296;0,1429931968;443,0253296;0,1780870855;443,0253296;0,2215882242;443,0253296;0,2782386541;443,0253296;0,3418215513;443,0253296;0,3957147002;
441,9512329;0,08300153911;441,9512329;0,1451145858;441,9512329;0,1811371446;441,9512329;0,2253130227;441,9512329;0,283049047;441,9512329;0,3474010527;441,9512329;0,4022100866;
441,030426;0,08393411338;441,030426;0,1467012167;441,030426;0,1836326271;441,030426;0,2288114876;441,030426;0,2871870995;441,030426;0,3526634574;441,030426;0,4082422256;
439,9559631;0,0849358961;439,9559631;0,1489118189;439,9559631;0,1866124421;439,9559631;0,2328131348;439,9559631;0,2921911776;439,9559631;0,3583130836;439,9559631;0,4154072702;
439,0348206;0,08587992191;439,0348206;0,1506077051;439,0348206;0,1888836771;439,0348206;0,2357265502;439,0348206;0,2961256206;439,0348206;0,3630005419;439,0348206;0,4202277362;
437,9599915;0,08670835197;437,9599915;0,1521607637;437,9599915;0,1914585084;437,9599915;0,2390978336;437,9599915;0,3002452254;437,9599915;0,3679821789;437,9599915;0,4261324704;
437,0385132;0,08744043112;437,0385132;0,1538777649;437,0385132;0,1938740313;437,0385132;0,2421737909;437,0385132;0,3039214313;437,0385132;0,3724446297;437,0385132;0,4310863316;
435,9632874;0,08835432678;435,9632874;0,1557834297;435,9632874;0,1966383159;435,9632874;0,2460120618;435,9632874;0,3086892962;435,9632874;0,3783089519;435,9632874;0,4383783638;
435,0414734;0,08926147223;435,0414734;0,1575356275;435,0414734;0,1990898997;435,0414734;0,2490147799;435,0414734;0,3126024604;435,0414734;0,3829573691;435,0414734;0,443839401;
433,9658813;0,09028318524;433,9658813;0,1593644768;433,9658813;0,2020730674;433,9658813;0,2528015673;433,9658813;0,317309171;433,9658813;0,3884135485;433,9658813;0,4498775005;
433,0437317;0,09082762897;433,0437317;0,160541743;433,0437317;0,2035279423;433,0437317;0,2551080883;433,0437317;0,3198077679;433,0437317;0,3921672702;433,0437317;0,4543052316;
431,9677429;0,09184888005;431,9677429;0,1623966843;431,9677429;0,2059440315;431,9677429;0,2582409084;431,9677429;0,323925525;431,9677429;0,3966053724;431,9677429;0,4599224031;
431,0453186;0,09255684167;431,0453186;0,1640959978;431,0453186;0,208480835;431,0453186;0,2616839409;431,0453186;0,3280305862;431,0453186;0,4015301168;431,0453186;0,4656437337;
429,9689331;0,09355121851;429,9689331;0,1656587571;429,9689331;0,2109433413;429,9689331;0,2647630572;429,9689331;0,3320865929;429,9689331;0,4063401818;429,9689331;0,471390754;
429,0461731;0,09430587292;429,0461731;0,16737248;429,0461731;0,2131287307;429,0461731;0,2676644325;429,0461731;0,3357781768;429,0461731;0,4109234512;429,0461731;0,4763179421;
427,9694214;0,09510263056;427,9694214;0,168724969;427,9694214;0,2153892368;427,9694214;0,2707597315;427,9694214;0,3390820324;427,9694214;0,4149890244;427,9694214;0,4813649952;
427,0463257;0,09560289234;427,0463257;0,1698563695;427,0463257;0,2169637531;427,0463257;0,272774756;427,0463257;0,3419222832;427,0463257;0,4183035195;427,0463257;0,485154748;
425,9692078;0,09627386928;425,9692078;0,1715985984;425,9692078;0,2193080932;425,9692078;0,2758913636;425,9692078;0,3457061648;425,9692078;0,4225970507;425,9692078;0,49047786;
425,0457764;0,097037673;425,0457764;0,1730417907;425,0457764;0,2213083953;425,0457764;0,2787257135;425,0457764;0,3491727114;425,0457764;0,4269693196;425,0457764;0,4954126179;
423,9682922;0,09779027849;423,9682922;0,1744104177;423,9682922;0,2235965282;423,9682922;0,281311363;423,9682922;0,3524809778;423,9682922;0,4309697449;423,9682922;0,5002333522;
423,0445557;0,09838740528;423,0445557;0,1756290793;423,0445557;0,225240618;423,0445557;0,2834525108;423,0445557;0,3552710712;423,0445557;0,4344132245;423,0445557;0,5036953688;
421,9667053;0,09903915972;421,9667053;0,1767971069;421,9667053;0,226850763;421,9667053;0,2859196067;421,9667053;0,3579393625;421,9667053;0,4376596212;421,9667053;0,508263886;
421,0426636;0,09965597838;421,0426636;0,1779094487;421,0426636;0,2286286205;421,0426636;0,287922442;421,0426636;0,3607164919;421,0426636;0,44093436;421,0426636;0,5117896199;
419,9644165;0,1003953591;419,9644165;0,1793438196;419,9644165;0,2306029499;419,9644165;0,2906140387;419,9644165;0,3638189137;419,9644165;0,4443697035;419,9644165;0,5165387392;
419,0400391;0,100886412;419,0400391;0,1803351492;419,0400391;0,232149899;419,0400391;0,2924096882;419,0400391;0,3662596047;419,0400391;0,4475567639;419,0400391;0,5202130079;
417,9614563;0,101345621;417,9614563;0,181400612;417,9614563;0,2336732;417,9614563;0,2944278419;417,9614563;0,3686861992;417,9614563;0,4504477084;417,9614563;0,5237400532;
417,0367737;0,1018129438;417,0367737;0,1820791811;417,0367737;0,2345732301;417,0367737;0,2957982421;417,0367737;0,3703243136;417,0367737;0,4521226585;417,0367737;0,5256431103;
415,9577942;0,1020520926;415,9577942;0,1829009801;415,9577942;0,2356548458;415,9577942;0,2975506186;415,9577942;0,3725632429;415,9577942;0,4549713731;415,9577942;0,5289368033;
415,0328064;0,1027692333;415,0328064;0,1839322448;415,0328064;0,237388283;415,0328064;0,2996868789;415,0328064;0,3749793172;415,0328064;0,4579951465;415,0328064;0,532558322;
413,9534912;0,1032692492;413,9534912;0,1849585623;413,9534912;0,2387427986;413,9534912;0,3013145626;413,9534912;0,3769503832;413,9534912;0,460578382;413,9534912;0,5357992649;
413,0281677;0,1035865769;413,0281677;0,1857163161;413,0281677;0,2396662533;413,0281677;0,3025909364;413,0281677;0,378708452;413,0281677;0,4624348879;413,0281677;0,5384042859;
411,9484863;0,1038907915;411,9484863;0,1863981932;411,9484863;0,2405442595;411,9484863;0,3040034473;411,9484863;0,3801266253;411,9484863;0,464307636;411,9484863;0,5406413674;
411,0228882;0,1040594429;411,0228882;0,1869809031;411,0228882;0,2413747013;411,0228882;0,305028826;411,0228882;0,3813434541;411,0228882;0,465706557;411,0228882;0,5424638391;
409,9428101;0,1046300456;409,9428101;0,1875358373;409,9428101;0,2422650754;409,9428101;0,3060757518;409,9428101;0,3829087317;409,9428101;0,4674707651;409,9428101;0,5447397828;
409,0169067;0,1049787998;409,0169067;0,1882657111;409,0169067;0,2432674468;409,0169067;0,3073303699;409,0169067;0,3842332959;409,0169067;0,4691133201;409,0169067;0,5466237068;
407,9364929;0,1050861105;407,9364929;0,1887470037;407,9364929;0,2436530143;407,9364929;0,3079450428;407,9364929;0,3850050569;407,9364929;0,4701598287;407,9364929;0,548175931;
407,0102539;0,1052742898;407,0102539;0,1889675409;407,0102539;0,2442005873;407,0102539;0,3085735738;407,0102539;0,3856769502;407,0102539;0,4707839191;407,0102539;0,5491648912;
405,9295044;0,105451569;405,9295044;0,1893948466;405,9295044;0,2448058873;405,9295044;0,3093183637;405,9295044;0,3864153922;405,9295044;0,4719717503;405,9295044;0,5505889058;
405,0029602;0,1056829244;405,0029602;0,1897699833;405,0029602;0,2450333387;405,0029602;0,3097431362;405,0029602;0,3868856132;405,0029602;0,4724016488;405,0029602;0,5512056947;
404,0762939;0,1055447385;404,0762939;0,1895829737;404,0762939;0,2450637817;404,0762939;0,3095490932;404,0762939;0,3867151141;404,0762939;0,4723028839;404,0762939;0,55112499;
402,9949951;0,105666317;402,9949951;0,1897520423;402,9949951;0,2451820821;402,9949951;0,3098263144;402,9949951;0,3871205449;402,9949951;0,4723336101;402,9949951;0,5518634915;
402,0680237;0,1057958603;402,0680237;0,1899881959;402,0680237;0,2452657223;402,0680237;0,3097082376;402,0680237;0,3869929016;402,0680237;0,4725399911;402,0680237;0,5519115925;
400,9863892;0,1056935266;400,9863892;0,1898176819;400,9863892;0,2451167554;400,9863892;0,3095787466;400,9863892;0,3866533637;400,9863892;0,4721028805;400,9863892;0,5518340468;
400,0591125;0,1055835187;400,0591125;0,1896845996;400,0591125;0,244878456;400,0591125;0,3091506958;400,0591125;0,386181891;400,0591125;0,4717131853;400,0591125;0,5513818264;
398,9771118;0,105313614;398,9771118;0,1893775463;398,9771118;0,2444928885;398,9771118;0,3086616099;398,9771118;0,3854365945;398,9771118;0,4706232548;398,9771118;0,5505263805;
398,0495605;0,105434306;398,0495605;0,1893225461;398,0495605;0,2441796958;398,0495605;0,3082357645;398,0495605;0,3848223388;398,0495605;0,4697449505;398,0495605;0,5497921109;
396,9672241;0,1051670685;396,9672241;0,1888394803;396,9672241;0,2432795465;396,9672241;0,3072096705;396,9672241;0,3838318288;396,9672241;0,4683069885;396,9672241;0,5483858585;
396,0393372;0,1050135419;396,0393372;0,1886613071;396,0393372;0,2429932356;396,0393372;0,3066518605;396,0393372;0,3826696873;396,0393372;0,4676938951;396,0393372;0,5474511981;
394,9566345;0,1047935486;394,9566345;0,1880042255;394,9566345;0,2420092523;394,9566345;0,3055535853;394,9566345;0,3813774586;394,9566345;0,465823561;394,9566345;0,5458132625;
394,0284729;0,1046717763;394,0284729;0,1875027418;394,0284729;0,2412232906;394,0284729;0,3043400347;394,0284729;0,3799465597;394,0284729;0,463899821;394,0284729;0,5435870886;
392,9454346;0,10406553;392,9454346;0,1867224574;392,9454346;0,239900738;392,9454346;0,302788347;392,9454346;0,3776246309;392,9454346;0,4616426229;392,9454346;0,5410605669;
392,0169678;0,1037241146;392,0169678;0,1858273298;392,0169678;0,2390093654;392,0169678;0,3012616038;392,0169678;0,3759371042;392,0169678;0,4592765868;392,0169678;0,5385078192;
390,9335938;0,1033166274;390,9335938;0,1850074679;390,9335938;0,2376696318;390,9335938;0,2996257246;390,9335938;0,373547852;390,9335938;0,4566328526;390,9335938;0,5353708863;
390,0048523;0,1029854491;390,0048523;0,1843895763;390,0048523;0,2364682704;390,0048523;0,2981385887;390,0048523;0,3717030585;390,0048523;0,4543182254;390,0048523;0,5333014727;
389,0759583;0,1022781134;389,0759583;0,1832863539;389,0759583;0,2348589003;389,0759583;0,2958180308;389,0759583;0,3688356876;389,0759583;0,4510261416;389,0759583;0,5296286345;
387,9920654;0,1019336507;387,9920654;0,1821127683;387,9920654;0,2332618833;387,9920654;0,2936284244;387,9920654;0,366117239;387,9920654;0,4479463696;387,9920654;0,5256621838;
387,0628967;0,1013698429;387,0628967;0,1811573058;387,0628967;0,2318230569;387,0628967;0,291631043;387,0628967;0,363527298;387,0628967;0,4444920123;387,0628967;0,5221627355;
385,9786682;0,1008680239;385,9786682;0,1799962223;385,9786682;0,2299890667;385,9786682;0,2891402841;385,9786682;0,3605621457;385,9786682;0,4410505891;385,9786682;0,5183919668;
385,0491943;0,1002288461;385,0491943;0,1789221913;385,0491943;0,2283017039;385,0491943;0,287155062;385,0491943;0,3577795029;385,0491943;0,4379891157;385,0491943;0,5145814419;
383,9646301;0,09968737513;383,9646301;0,1776032001;383,9646301;0,2262901366;383,9646301;0,2844004929;383,9646301;0,3543623984;383,9646301;0,4338225722;383,9646301;0,509606719;
383,0348816;0,09896906465;383,0348816;0,1760920584;383,0348816;0,2241260111;383,0348816;0,2814013958;383,0348816;0,3508143127;383,0348816;0,429499954;383,0348816;0,5048614144;
381,9499817;0,09819419682;381,9499817;0,1745966226;381,9499817;0,2216804177;381,9499817;0,2782051563;381,9499817;0,3467305601;381,9499817;0,4245550632;381,9499817;0,4998514056;
381,019928;0,09768653661;381,019928;0,1732093543;381,019928;0,2200617045;381,019928;0,275783211;381,019928;0,3434145749;381,019928;0,420516938;381,019928;0,4953769743;
379,9347229;0,09703431278;379,9347229;0,1718233973;379,9347229;0,2175887227;379,9347229;0,2725427747;379,9347229;0,3395701349;379,9347229;0,4159157276;379,9347229;0,4900418818;
379,004364;0,09586576372;379,004364;0,1702421606;379,004364;0,215001747;379,004364;0,2694123089;379,004364;0,3354400992;379,004364;0,4111212492;379,004364;0,4846303165;
378,0739136;0,0952719301;378,0739136;0,1686248481;378,0739136;0,2128436565;378,0739136;0,2660773695;378,0739136;0,3314762712;378,0739136;0,4066747129;378,0739136;0,4792136848;
376,9881897;0,09426836669;376,9881897;0,1666661799;376,9881897;0,2098961771;376,9881897;0,2622112036;376,9881897;0,3267427385;376,9881897;0,4009702206;376,9881897;0,4723806977;
376,0574646;0,09355638921;376,0574646;0,1652227491;376,0574646;0,2075974047;376,0574646;0,2591065764;376,0574646;0,3227927387;376,0574646;0,3960365653;376,0574646;0,4672555327;
374,971405;0,0926374197;374,971405;0,1633989364;374,971405;0,2047111243;374,971405;0,2555102706;374,971405;0,3179210126;374,971405;0,390176326;374,971405;0,4610985816;
374,0403748;0,09176736325;374,0403748;0,1618187129;374,0403748;0,2025172263;374,0403748;0,2523064017;374,0403748;0,3141332269;374,0403748;0,3857104778;374,0403748;0,4548498988;
372,95401;0,09082322568;372,95401;0,1596089751;372,95401;0,1990144253;372,95401;0,2478487045;372,95401;0,3083879054;372,95401;0,3789438009;372,95401;0,4476052821;
372,0227051;0,08960283548;372,0227051;0,1575188786;372,0227051;0,1959466636;372,0227051;0,2437558174;372,0227051;0,3031716943;372,0227051;0,3729579747;372,0227051;0,4414164126;
370,9360046;0,0885328874;370,9360046;0,1555467546;370,9360046;0,1926625818;370,9360046;0,239190951;370,9360046;0,2975917459;370,9360046;0,3663122058;370,9360046;0,4330922663;
370,004425;0,08797346056;370,004425;0,1539268345;370,004425;0,1905676574;370,004425;0,2364344001;370,004425;0,2942320704;370,004425;0,3618011475;370,004425;0,4280147851;
369,0726929;0,08694878221;369,0726929;0,1518519521;369,0726929;0,1874854118;369,0726929;0,2325050682;369,0726929;0,2891190946;369,0726929;0,3560789227;369,0726929;0,4214722216;
367,9855347;0,08560593426;367,9855347;0,1496610492;367,9855347;0,1839072555;367,9855347;0,2276960015;367,9855347;0,2830373049;367,9855347;0,3488053083;367,9855347;0,4128301442;
367,0535278;0,08467775583;367,0535278;0,1470317096;367,0535278;0,1804299206;367,0535278;0,2231992781;367,0535278;0,2778921723;367,0535278;0,3423788249;367,0535278;0,4059323967;
365,9660339;0,0833671838;365,9660339;0,144934237;365,9660339;0,177003637;365,9660339;0,2182473093;365,9660339;0,2718843222;365,9660339;0,3352600932;365,9660339;0,3976750076;
365,033783;0,08264534175;365,033783;0,1433554888;365,033783;0,1746647656;365,033783;0,2150695324;365,033783;0,267526567;365,033783;0,3302465677;365,033783;0,3914038241;
363,9459534;0,08151504397;363,9459534;0,1413851529;363,9459534;0,1711054444;363,9459534;0,2108656317;363,9459534;0,2620972991;363,9459534;0,3236846924;363,9459534;0,3838064373;
363,0134277;0,08016007394;363,0134277;0,1386601478;363,0134277;0,1676286459;363,0134277;0,2058556527;363,0134277;0,2557214797;363,0134277;0,3164668679;363,0134277;0,375482887;
361,925293;0,07926172018;361,925293;0,1361957341;361,925293;0,1643325537;361,925293;0,2014343441;361,925293;0,2502762675;361,925293;0,309959352;361,925293;0,3676275313;
360,9924622;0,07802070677;360,9924622;0,1338095218;360,9924622;0,1607985198;360,9924622;0,1966327727;360,9924622;0,2442495078;360,9924622;0,3028948903;360,9924622;0,3592815995;
360,0595398;0,07724190503;360,0595398;0,1321881711;360,0595398;0,1583134979;360,0595398;0,1935522407;360,0595398;0,2402741909;360,0595398;0,2981774211;360,0595398;0,3539074659;
358,9709473;0,07606678456;358,9709473;0,1300835758;358,9709473;0,1547301859;358,9709473;0,1885990351;358,9709473;0,2340827286;358,9709473;0,2907295525;358,9709473;0,3457377851;
358,0377197;0,07499224693;358,0377197;0,1277029216;358,0377197;0,1514834911;358,0377197;0,1841387153;358,0377197;0,2285678983;358,0377197;0,2840290666;358,0377197;0,3377684355;
356,948822;0,07379557192;356,948822;0,1253263652;356,948822;0,1476755291;356,948822;0,1789986789;356,948822;0,2221418619;356,948822;0,2764680684;356,948822;0,3286746442;
356,0153503;0,07276816666;356,0153503;0,1231734231;356,0153503;0,1444209814;356,0153503;0,1746634543;356,0153503;0,2168479115;356,0153503;0,2701838017;356,0153503;0,3210842013;
354,9261475;0,07162564248;354,9261475;0,1208222806;354,9261475;0,1410396546;354,9261475;0,1699988991;354,9261475;0,2113726884;354,9261475;0,2632931471;354,9261475;0,3133914769;
353,9924011;0,07076507062;353,9924011;0,119228445;353,9924011;0,1385910213;353,9924011;0,1668159068;353,9924011;0,2071753442;353,9924011;0,258567512;353,9924011;0,3076930344;
353,0585327;0,06982016563;353,0585327;0,1170429364;353,0585327;0,1352679878;353,0585327;0,1621154696;353,0585327;0,2011662126;353,0585327;0,2517599761;353,0585327;0,2997018993;
351,9688416;0,0685627535;351,9688416;0,1144649535;351,9688416;0,1315182447;351,9688416;0,1569410563;351,9688416;0,1952284127;351,9688416;0,2446373105;351,9688416;0,2908284664;
351,034729;0,06750179827;351,034729;0,1125195846;351,034729;0,1284778565;351,034729;0,1530109793;351,034729;0,1899625808;351,034729;0,2377192974;351,034729;0,2834701538;
349,9447327;0,06648898125;349,9447327;0,1102484986;349,9447327;0,1251854897;349,9447327;0,1485823244;349,9447327;0,1840339452;349,9447327;0,2315776795;349,9447327;0,2756951451;

1;
1
Collection Time: 01.10.2024 12:35:30
Operator Name  :
Scan Software Version: 3.00(339)
Parameter List :
Instrument                        Cary 50
Instrument Version                3,00
Start (nm)                        600,0
Stop (nm)                         350,0
X Mode                            Nanometers
Y Mode                            Abs
UV-Vis Scan Rate (nm/min)         600,00
UV-Vis Data Interval (nm)         1,00
UV-Vis Ave. Time (sec)            0,1000
Beam Mode                         Dual Beam
Baseline Correction               On
Baseline Type                     Baseline correction
Baseline File Name                C:\Documents and Settings\Оптики\Рабочий стол\400\Матяш\ti\wasser.MSW
Baseline Std Ref File Name
Cycle Mode                        Off
Comments
Method Log     :
Method Name    : C:\Documents and Settings\Оптики\Рабочий стол\400\Матяш\ti\wasser.MSW
Date/Time stamp: 01.10.2024 12:32:51
Method Modifications:
UVVIS SAT Changed: 01.10.2024 12:31:30, Old:0,0125, New:0,1000
Common SAT Changed: 01.10.2024 12:31:30, Old:0,0125, New:0,1000
X Start nm Changed: 01.10.2024 12:31:34, Old:  800,0, New:  600,0
X Stop nm Changed: 01.10.2024 12:31:34, Old:  200,0, New:  350,0
Common Interval nm Changed: 01.10.2024 12:31:34, Old:     5,00, New:     1,00
Baseline Correction Changed: 01.10.2024 12:31:34, Old:0, New:1
Saved as C:\Documents and Settings\Оптики\Рабочий стол\400\Матяш\ti\wasser.MSW
Baseline file Changed: 01.10.2024 12:32:51, Old:, New:C:\Documents and Settings\Оптики\Рабочий стол\400\Матяш\ti\wasser.MSW
End Method Modifications
<Current Wavelength> , 349,9

2;
2
Collection Time: 01.10.2024 12:38:18
Operator Name  :
Scan Software Version: 3.00(339)
Parameter List :
Instrument                        Cary 50
Instrument Version                3,00
Start (nm)                        600,0
Stop (nm)                         350,0
X Mode                            Nanometers
Y Mode                            Abs
UV-Vis Scan Rate (nm/min)         600,00
UV-Vis Data Interval (nm)         1,00
UV-Vis Ave. Time (sec)            0,1000
Beam Mode                         Dual Beam
Baseline Correction               On
Baseline Type                     Baseline correction
Baseline File Name                C:\Documents and Settings\Оптики\Рабочий стол\400\Матяш\ti\1.MSW
Baseline Std Ref File Name
Cycle Mode                        Off
Comments
Method Log     :
Method Name    : C:\Documents and Settings\Оптики\Рабочий стол\400\Матяш\ti\1.MSW
Date/Time stamp: 01.10.2024 12:37:23
Method Modifications:
UVVIS SAT Changed: 01.10.2024 12:31:30, Old:0,0125, New:0,1000
Common SAT Changed: 01.10.2024 12:31:30, Old:0,0125, New:0,1000
X Start nm Changed: 01.10.2024 12:31:34, Old:  800,0, New:  600,0
X Stop nm Changed: 01.10.2024 12:31:34, Old:  200,0, New:  350,0
Common Interval nm Changed: 01.10.2024 12:31:34, Old:     5,00, New:     1,00
Baseline Correction Changed: 01.10.2024 12:31:34, Old:0, New:1
Saved as C:\Documents and Settings\Оптики\Рабочий стол\400\Матяш\ti\wasser.MSW
Baseline file Changed: 01.10.2024 12:32:51, Old:, New:C:\Documents and Settings\Оптики\Рабочий стол\400\Матяш\ti\wasser.MSW
Saved as C:\Documents and Settings\Оптики\Рабочий стол\400\Матяш\ti\1.MSW
Baseline file Changed: 01.10.2024 12:37:23, Old:C:\Documents and Settings\Оптики\Рабочий стол\400\Матяш\ti\wasser.MSW, New:C:\Documents and Settings\Оптики\Рабочий стол\400\Матяш\ti\1.MSW
End Method Modifications
<Current Wavelength> , 349,9

3;
3
Collection Time: 01.10.2024 12:40:44
Operator Name  :
Scan Software Version: 3.00(339)
Parameter List :
Instrument                        Cary 50
Instrument Version                3,00
Start (nm)                        600,0
Stop (nm)                         350,0
X Mode                            Nanometers
Y Mode                            Abs
UV-Vis Scan Rate (nm/min)         600,00
UV-Vis Data Interval (nm)         1,00
UV-Vis Ave. Time (sec)            0,1000
Beam Mode                         Dual Beam
Baseline Correction               On
Baseline Type                     Baseline correction
Baseline File Name                C:\Documents and Settings\Оптики\Рабочий стол\400\Матяш\ti\1.MSW
Baseline Std Ref File Name
Cycle Mode                        Off
Comments
Method Log     :
Method Name    : C:\Documents and Settings\Оптики\Рабочий стол\400\Матяш\ti\1.MSW
Date/Time stamp: 01.10.2024 12:37:23
Method Modifications:
UVVIS SAT Changed: 01.10.2024 12:31:30, Old:0,0125, New:0,1000
Common SAT Changed: 01.10.2024 12:31:30, Old:0,0125, New:0,1000
X Start nm Changed: 01.10.2024 12:31:34, Old:  800,0, New:  600,0
X Stop nm Changed: 01.10.2024 12:31:34, Old:  200,0, New:  350,0
Common Interval nm Changed: 01.10.2024 12:31:34, Old:     5,00, New:     1,00
Baseline Correction Changed: 01.10.2024 12:31:34, Old:0, New:1
Saved as C:\Documents and Settings\Оптики\Рабочий стол\400\Матяш\ti\wasser.MSW
Baseline file Changed: 01.10.2024 12:32:51, Old:, New:C:\Documents and Settings\Оптики\Рабочий стол\400\Матяш\ti\wasser.MSW
Saved as C:\Documents and Settings\Оптики\Рабочий стол\400\Матяш\ti\1.MSW
Baseline file Changed: 01.10.2024 12:37:23, Old:C:\Documents and Settings\Оптики\Рабочий стол\400\Матяш\ti\wasser.MSW, New:C:\Documents and Settings\Оптики\Рабочий стол\400\Матяш\ti\1.MSW
End Method Modifications
<Current Wavelength> , 349,9

4;
4
Collection Time: 01.10.2024 12:42:39
Operator Name  :
Scan Software Version: 3.00(339)
Parameter List :
Instrument                        Cary 50
Instrument Version                3,00
Start (nm)                        600,0
Stop (nm)                         350,0
X Mode                            Nanometers
Y Mode                            Abs
UV-Vis Scan Rate (nm/min)         600,00
UV-Vis Data Interval (nm)         1,00
UV-Vis Ave. Time (sec)            0,1000
Beam Mode                         Dual Beam
Baseline Correction               On
Baseline Type                     Baseline correction
Baseline File Name                C:\Documents and Settings\Оптики\Рабочий стол\400\Матяш\ti\1.MSW
Baseline Std Ref File Name
Cycle Mode                        Off
Comments
Method Log     :
Method Name    : C:\Documents and Settings\Оптики\Рабочий стол\400\Матяш\ti\1.MSW
Date/Time stamp: 01.10.2024 12:37:23
Method Modifications:
UVVIS SAT Changed: 01.10.2024 12:31:30, Old:0,0125, New:0,1000
Common SAT Changed: 01.10.2024 12:31:30, Old:0,0125, New:0,1000
X Start nm Changed: 01.10.2024 12:31:34, Old:  800,0, New:  600,0
X Stop nm Changed: 01.10.2024 12:31:34, Old:  200,0, New:  350,0
Common Interval nm Changed: 01.10.2024 12:31:34, Old:     5,00, New:     1,00
Baseline Correction Changed: 01.10.2024 12:31:34, Old:0, New:1
Saved as C:\Documents and Settings\Оптики\Рабочий стол\400\Матяш\ti\wasser.MSW
Baseline file Changed: 01.10.2024 12:32:51, Old:, New:C:\Documents and Settings\Оптики\Рабочий стол\400\Матяш\ti\wasser.MSW
Saved as C:\Documents and Settings\Оптики\Рабочий стол\400\Матяш\ti\1.MSW
Baseline file Changed: 01.10.2024 12:37:23, Old:C:\Documents and Settings\Оптики\Рабочий стол\400\Матяш\ti\wasser.MSW, New:C:\Documents and Settings\Оптики\Рабочий стол\400\Матяш\ti\1.MSW
End Method Modifications
<Current Wavelength> , 349,9

5;
5
Collection Time: 01.10.2024 12:44:48
Operator Name  :
Scan Software Version: 3.00(339)
Parameter List :
Instrument                        Cary 50
Instrument Version                3,00
Start (nm)                        600,0
Stop (nm)                         350,0
X Mode                            Nanometers
Y Mode                            Abs
UV-Vis Scan Rate (nm/min)         600,00
UV-Vis Data Interval (nm)         1,00
UV-Vis Ave. Time (sec)            0,1000
Beam Mode                         Dual Beam
Baseline Correction               On
Baseline Type                     Baseline correction
Baseline File Name                C:\Documents and Settings\Оптики\Рабочий стол\400\Матяш\ti\1.MSW
Baseline Std Ref File Name
Cycle Mode                        Off
Comments
Method Log     :
Method Name    : C:\Documents and Settings\Оптики\Рабочий стол\400\Матяш\ti\1.MSW
Date/Time stamp: 01.10.2024 12:37:23
Method Modifications:
UVVIS SAT Changed: 01.10.2024 12:31:30, Old:0,0125, New:0,1000
Common SAT Changed: 01.10.2024 12:31:30, Old:0,0125, New:0,1000
X Start nm Changed: 01.10.2024 12:31:34, Old:  800,0, New:  600,0
X Stop nm Changed: 01.10.2024 12:31:34, Old:  200,0, New:  350,0
Common Interval nm Changed: 01.10.2024 12:31:34, Old:     5,00, New:     1,00
Baseline Correction Changed: 01.10.2024 12:31:34, Old:0, New:1
Saved as C:\Documents and Settings\Оптики\Рабочий стол\400\Матяш\ti\wasser.MSW
Baseline file Changed: 01.10.2024 12:32:51, Old:, New:C:\Documents and Settings\Оптики\Рабочий стол\400\Матяш\ti\wasser.MSW
Saved as C:\Documents and Settings\Оптики\Рабочий стол\400\Матяш\ti\1.MSW
Baseline file Changed: 01.10.2024 12:37:23, Old:C:\Documents and Settings\Оптики\Рабочий стол\400\Матяш\ti\wasser.MSW, New:C:\Documents and Settings\Оптики\Рабочий стол\400\Матяш\ti\1.MSW
End Method Modifications
<Current Wavelength> , 349,9

6;
6
Collection Time: 01.10.2024 12:49:35
Operator Name  :
Scan Software Version: 3.00(339)
Parameter List :
Instrument                        Cary 50
Instrument Version                3,00
Start (nm)                        600,0
Stop (nm)                         350,0
X Mode                            Nanometers
Y Mode                            Abs
UV-Vis Scan Rate (nm/min)         600,00
UV-Vis Data Interval (nm)         1,00
UV-Vis Ave. Time (sec)            0,1000
Beam Mode                         Dual Beam
Baseline Correction               On
Baseline Type                     Baseline correction
Baseline File Name                C:\Documents and Settings\Оптики\Рабочий стол\400\Матяш\ti\1.MSW
Baseline Std Ref File Name
Cycle Mode                        Off
Comments
Method Log     :
Method Name    : C:\Documents and Settings\Оптики\Рабочий стол\400\Матяш\ti\1.MSW
Date/Time stamp: 01.10.2024 12:37:23
Method Modifications:
UVVIS SAT Changed: 01.10.2024 12:31:30, Old:0,0125, New:0,1000
Common SAT Changed: 01.10.2024 12:31:30, Old:0,0125, New:0,1000
X Start nm Changed: 01.10.2024 12:31:34, Old:  800,0, New:  600,0
X Stop nm Changed: 01.10.2024 12:31:34, Old:  200,0, New:  350,0
Common Interval nm Changed: 01.10.2024 12:31:34, Old:     5,00, New:     1,00
Baseline Correction Changed: 01.10.2024 12:31:34, Old:0, New:1
Saved as C:\Documents and Settings\Оптики\Рабочий стол\400\Матяш\ti\wasser.MSW
Baseline file Changed: 01.10.2024 12:32:51, Old:, New:C:\Documents and Settings\Оптики\Рабочий стол\400\Матяш\ti\wasser.MSW
Saved as C:\Documents and Settings\Оптики\Рабочий стол\400\Матяш\ti\1.MSW
Baseline file Changed: 01.10.2024 12:37:23, Old:C:\Documents and Settings\Оптики\Рабочий стол\400\Матяш\ti\wasser.MSW, New:C:\Documents and Settings\Оптики\Рабочий стол\400\Матяш\ti\1.MSW
End Method Modifications
<Current Wavelength> , 349,9

7;
7
Collection Time: 01.10.2024 12:51:30
Operator Name  :
Scan Software Version: 3.00(339)
Parameter List :
Instrument                        Cary 50
Instrument Version                3,00
Start (nm)                        600,0
Stop (nm)                         350,0
X Mode                            Nanometers
Y Mode                            Abs
UV-Vis Scan Rate (nm/min)         600,00
UV-Vis Data Interval (nm)         1,00
UV-Vis Ave. Time (sec)            0,1000
Beam Mode                         Dual Beam
Baseline Correction               On
Baseline Type                     Baseline correction
Baseline File Name                C:\Documents and Settings\Оптики\Рабочий стол\400\Матяш\ti\1.MSW
Baseline Std Ref File Name
Cycle Mode                        Off
Comments
Method Log     :
Method Name    : C:\Documents and Settings\Оптики\Рабочий стол\400\Матяш\ti\1.MSW
Date/Time stamp: 01.10.2024 12:37:23
Method Modifications:
UVVIS SAT Changed: 01.10.2024 12:31:30, Old:0,0125, New:0,1000
Common SAT Changed: 01.10.2024 12:31:30, Old:0,0125, New:0,1000
X Start nm Changed: 01.10.2024 12:31:34, Old:  800,0, New:  600,0
X Stop nm Changed: 01.10.2024 12:31:34, Old:  200,0, New:  350,0
Common Interval nm Changed: 01.10.2024 12:31:34, Old:     5,00, New:     1,00
Baseline Correction Changed: 01.10.2024 12:31:34, Old:0, New:1
Saved as C:\Documents and Settings\Оптики\Рабочий стол\400\Матяш\ti\wasser.MSW
Baseline file Changed: 01.10.2024 12:32:51, Old:, New:C:\Documents and Settings\Оптики\Рабочий стол\400\Матяш\ti\wasser.MSW
Saved as C:\Documents and Settings\Оптики\Рабочий стол\400\Матяш\ti\1.MSW
Baseline file Changed: 01.10.2024 12:37:23, Old:C:\Documents and Settings\Оптики\Рабочий стол\400\Матяш\ti\wasser.MSW, New:C:\Documents and Settings\Оптики\Рабочий стол\400\Матяш\ti\1.MSW
End Method Modifications
<Current Wavelength> , 349,9

